[
   {
      "name": 0,
      "height": 1223
   },
   {
      "name": 1,
      "height": 566
   },
   {
      "name": 2,
      "height": 513
   },
   {
      "name": 3,
      "height": 534
   },
   {
      "name": 4,
      "height": 514
   },
   {
      "name": 5,
      "height": 510
   },
   {
      "name": 6,
      "height": 542
   },
   {
      "name": 7,
      "height": 556
   },
   {
      "name": 8,
      "height": 573
   },
   {
      "name": 9,
      "height": 646
   },
   {
      "name": 10,
      "height": 664
   },
   {
      "name": 11,
      "height": 686
   },
   {
      "name": 12,
      "height": 815
   },
   {
      "name": 13,
      "height": 1017
   },
   {
      "name": 14,
      "height": 1381
   },
   {
      "name": 15,
      "height": 1968
   },
   {
      "name": 16,
      "height": 1927
   },
   {
      "name": 17,
      "height": 1290
   },
   {
      "name": 18,
      "height": 831
   },
   {
      "name": 19,
      "height": 843
   },
   {
      "name": 20,
      "height": 837
   },
   {
      "name": 21,
      "height": 728
   },
   {
      "name": 22,
      "height": 764
   },
   {
      "name": 23,
      "height": 707
   },
   {
      "name": 24,
      "height": 704
   },
   {
      "name": 25,
      "height": 935
   },
   {
      "name": 26,
      "height": 995
   },
   {
      "name": 27,
      "height": 1353
   },
   {
      "name": 28,
      "height": 1303
   },
   {
      "name": 29,
      "height": 1716
   },
   {
      "name": 30,
      "height": 875
   },
   {
      "name": 31,
      "height": 612
   },
   {
      "name": 32,
      "height": 565
   },
   {
      "name": 33,
      "height": 568
   },
   {
      "name": 34,
      "height": 575
   },
   {
      "name": 35,
      "height": 517
   },
   {
      "name": 36,
      "height": 533
   },
   {
      "name": 37,
      "height": 504
   },
   {
      "name": 38,
      "height": 498
   },
   {
      "name": 39,
      "height": 502
   },
   {
      "name": 40,
      "height": 516
   },
   {
      "name": 41,
      "height": 651
   },
   {
      "name": 42,
      "height": 624
   },
   {
      "name": 43,
      "height": 818
   },
   {
      "name": 44,
      "height": 702
   },
   {
      "name": 45,
      "height": 795
   },
   {
      "name": 46,
      "height": 705
   },
   {
      "name": 47,
      "height": 540
   },
   {
      "name": 48,
      "height": 498
   },
   {
      "name": 49,
      "height": 447
   },
   {
      "name": 50,
      "height": 499
   },
   {
      "name": 51,
      "height": 538
   },
   {
      "name": 52,
      "height": 470
   },
   {
      "name": 53,
      "height": 518
   },
   {
      "name": 54,
      "height": 493
   },
   {
      "name": 55,
      "height": 593
   },
   {
      "name": 56,
      "height": 582
   },
   {
      "name": 57,
      "height": 533
   },
   {
      "name": 58,
      "height": 511
   },
   {
      "name": 59,
      "height": 646
   },
   {
      "name": 60,
      "height": 787
   },
   {
      "name": 61,
      "height": 589
   },
   {
      "name": 62,
      "height": 588
   },
   {
      "name": 63,
      "height": 747
   },
   {
      "name": 64,
      "height": 664
   },
   {
      "name": 65,
      "height": 657
   },
   {
      "name": 66,
      "height": 572
   },
   {
      "name": 67,
      "height": 588
   },
   {
      "name": 68,
      "height": 1211
   },
   {
      "name": 69,
      "height": 695
   },
   {
      "name": 70,
      "height": 581
   },
   {
      "name": 71,
      "height": 632
   },
   {
      "name": 72,
      "height": 729
   },
   {
      "name": 73,
      "height": 837
   },
   {
      "name": 74,
      "height": 1229
   },
   {
      "name": 75,
      "height": 847
   },
   {
      "name": 76,
      "height": 505
   },
   {
      "name": 77,
      "height": 573
   },
   {
      "name": 78,
      "height": 623
   },
   {
      "name": 79,
      "height": 639
   },
   {
      "name": 80,
      "height": 712
   },
   {
      "name": 81,
      "height": 500
   },
   {
      "name": 82,
      "height": 589
   },
   {
      "name": 83,
      "height": 770
   },
   {
      "name": 84,
      "height": 630
   },
   {
      "name": 85,
      "height": 500
   },
   {
      "name": 86,
      "height": 582
   },
   {
      "name": 87,
      "height": 751
   },
   {
      "name": 88,
      "height": 689
   },
   {
      "name": 89,
      "height": 800
   },
   {
      "name": 90,
      "height": 716
   },
   {
      "name": 91,
      "height": 516
   },
   {
      "name": 92,
      "height": 819
   },
   {
      "name": 93,
      "height": 580
   },
   {
      "name": 94,
      "height": 2020
   },
   {
      "name": 95,
      "height": 1844
   },
   {
      "name": 96,
      "height": 1254
   },
   {
      "name": 97,
      "height": 1231
   },
   {
      "name": 98,
      "height": 775
   },
   {
      "name": 99,
      "height": 692
   },
   {
      "name": 100,
      "height": 668
   },
   {
      "name": 101,
      "height": 1011
   },
   {
      "name": 102,
      "height": 1048
   },
   {
      "name": 103,
      "height": 803
   },
   {
      "name": 104,
      "height": 572
   },
   {
      "name": 105,
      "height": 767
   },
   {
      "name": 106,
      "height": 1600
   },
   {
      "name": 107,
      "height": 1699
   },
   {
      "name": 108,
      "height": 702
   },
   {
      "name": 109,
      "height": 454
   },
   {
      "name": 110,
      "height": 489
   },
   {
      "name": 111,
      "height": 659
   },
   {
      "name": 112,
      "height": 937
   },
   {
      "name": 113,
      "height": 910
   },
   {
      "name": 114,
      "height": 766
   },
   {
      "name": 115,
      "height": 770
   },
   {
      "name": 116,
      "height": 2328
   },
   {
      "name": 117,
      "height": 1888
   },
   {
      "name": 118,
      "height": 1109
   },
   {
      "name": 119,
      "height": 636
   },
   {
      "name": 120,
      "height": 403
   },
   {
      "name": 121,
      "height": 336
   },
   {
      "name": 122,
      "height": 409
   },
   {
      "name": 123,
      "height": 723
   },
   {
      "name": 124,
      "height": 433
   },
   {
      "name": 125,
      "height": 650
   },
   {
      "name": 126,
      "height": 952
   },
   {
      "name": 127,
      "height": 746
   },
   {
      "name": 128,
      "height": 4768
   },
   {
      "name": 129,
      "height": 564
   },
   {
      "name": 130,
      "height": 423
   },
   {
      "name": 131,
      "height": 390
   },
   {
      "name": 132,
      "height": 825
   },
   {
      "name": 133,
      "height": 522
   },
   {
      "name": 134,
      "height": 549
   },
   {
      "name": 135,
      "height": 493
   },
   {
      "name": 136,
      "height": 482
   },
   {
      "name": 137,
      "height": 697
   },
   {
      "name": 138,
      "height": 565
   },
   {
      "name": 139,
      "height": 773
   },
   {
      "name": 140,
      "height": 686
   },
   {
      "name": 141,
      "height": 1047
   },
   {
      "name": 142,
      "height": 687
   },
   {
      "name": 143,
      "height": 527
   },
   {
      "name": 144,
      "height": 761
   },
   {
      "name": 145,
      "height": 824
   },
   {
      "name": 146,
      "height": 539
   },
   {
      "name": 147,
      "height": 894
   },
   {
      "name": 148,
      "height": 1549
   },
   {
      "name": 149,
      "height": 2410
   },
   {
      "name": 150,
      "height": 3893
   },
   {
      "name": 151,
      "height": 243722
   },
   {
      "name": 152,
      "height": 1542
   },
   {
      "name": 153,
      "height": 2143
   },
   {
      "name": 154,
      "height": 1204
   },
   {
      "name": 155,
      "height": 969
   },
   {
      "name": 156,
      "height": 683
   },
   {
      "name": 157,
      "height": 1248
   },
   {
      "name": 158,
      "height": 1963
   },
   {
      "name": 159,
      "height": 65317
   },
   {
      "name": 160,
      "height": 45620
   },
   {
      "name": 161,
      "height": 32293
   },
   {
      "name": 162,
      "height": 1819
   },
   {
      "name": 163,
      "height": 882
   },
   {
      "name": 164,
      "height": 477
   },
   {
      "name": 165,
      "height": 465
   },
   {
      "name": 166,
      "height": 693
   },
   {
      "name": 167,
      "height": 438
   },
   {
      "name": 168,
      "height": 607
   },
   {
      "name": 169,
      "height": 498
   },
   {
      "name": 170,
      "height": 537
   },
   {
      "name": 171,
      "height": 526
   },
   {
      "name": 172,
      "height": 457
   },
   {
      "name": 173,
      "height": 417
   },
   {
      "name": 174,
      "height": 414
   },
   {
      "name": 175,
      "height": 443
   },
   {
      "name": 176,
      "height": 469
   },
   {
      "name": 177,
      "height": 481
   },
   {
      "name": 178,
      "height": 586
   },
   {
      "name": 179,
      "height": 587
   },
   {
      "name": 180,
      "height": 2373
   },
   {
      "name": 181,
      "height": 1010
   },
   {
      "name": 182,
      "height": 901
   },
   {
      "name": 183,
      "height": 597
   },
   {
      "name": 184,
      "height": 610
   },
   {
      "name": 185,
      "height": 575
   },
   {
      "name": 186,
      "height": 656
   },
   {
      "name": 187,
      "height": 2978
   },
   {
      "name": 188,
      "height": 913
   },
   {
      "name": 189,
      "height": 750
   },
   {
      "name": 190,
      "height": 774
   },
   {
      "name": 191,
      "height": 1496
   },
   {
      "name": 192,
      "height": 1223
   },
   {
      "name": 193,
      "height": 904
   },
   {
      "name": 194,
      "height": 8070
   },
   {
      "name": 195,
      "height": 9326
   },
   {
      "name": 196,
      "height": 15172
   },
   {
      "name": 197,
      "height": 8083
   },
   {
      "name": 198,
      "height": 7876
   },
   {
      "name": 199,
      "height": 9507
   },
   {
      "name": 200,
      "height": 2337
   },
   {
      "name": 201,
      "height": 1746
   },
   {
      "name": 202,
      "height": 3310
   },
   {
      "name": 203,
      "height": 1757
   },
   {
      "name": 204,
      "height": 7659
   },
   {
      "name": 205,
      "height": 1008
   },
   {
      "name": 206,
      "height": 1070
   },
   {
      "name": 207,
      "height": 1565
   },
   {
      "name": 208,
      "height": 1449
   },
   {
      "name": 209,
      "height": 1150
   },
   {
      "name": 210,
      "height": 1373
   },
   {
      "name": 211,
      "height": 1696
   },
   {
      "name": 212,
      "height": 10491
   },
   {
      "name": 213,
      "height": 14320
   },
   {
      "name": 214,
      "height": 1073767
   },
   {
      "name": 215,
      "height": 26507
   },
   {
      "name": 216,
      "height": 37261
   },
   {
      "name": 217,
      "height": 8058
   },
   {
      "name": 218,
      "height": 9426
   },
   {
      "name": 219,
      "height": 1110
   },
   {
      "name": 220,
      "height": 740
   },
   {
      "name": 221,
      "height": 646
   },
   {
      "name": 222,
      "height": 653
   },
   {
      "name": 223,
      "height": 444
   },
   {
      "name": 224,
      "height": 481
   },
   {
      "name": 225,
      "height": 610
   },
   {
      "name": 226,
      "height": 744
   },
   {
      "name": 227,
      "height": 1256
   },
   {
      "name": 228,
      "height": 2557
   },
   {
      "name": 229,
      "height": 167366
   },
   {
      "name": 230,
      "height": 31601
   },
   {
      "name": 231,
      "height": 49022
   },
   {
      "name": 232,
      "height": 1835
   },
   {
      "name": 233,
      "height": 948
   },
   {
      "name": 234,
      "height": 419
   },
   {
      "name": 235,
      "height": 125
   },
   {
      "name": 236,
      "height": 70
   },
   {
      "name": 237,
      "height": 37
   },
   {
      "name": 238,
      "height": 20
   },
   {
      "name": 239,
      "height": 3
   },
   {
      "name": 240,
      "height": 1
   },
   {
      "name": 241,
      "height": 0
   },
   {
      "name": 242,
      "height": 0
   },
   {
      "name": 243,
      "height": 0
   },
   {
      "name": 244,
      "height": 0
   },
   {
      "name": 245,
      "height": 0
   },
   {
      "name": 246,
      "height": 0
   },
   {
      "name": 247,
      "height": 0
   },
   {
      "name": 248,
      "height": 0
   },
   {
      "name": 249,
      "height": 0
   },
   {
      "name": 250,
      "height": 0
   },
   {
      "name": 251,
      "height": 0
   },
   {
      "name": 252,
      "height": 0
   },
   {
      "name": 253,
      "height": 0
   },
   {
      "name": 254,
      "height": 0
   },
   {
      "name": 255,
      "height": 0
   }
]