[
   {
      "name": 0,
      "height": 1209
   },
   {
      "name": 1,
      "height": 644
   },
   {
      "name": 2,
      "height": 747
   },
   {
      "name": 3,
      "height": 811
   },
   {
      "name": 4,
      "height": 1362
   },
   {
      "name": 5,
      "height": 808
   },
   {
      "name": 6,
      "height": 1033
   },
   {
      "name": 7,
      "height": 1166
   },
   {
      "name": 8,
      "height": 1199
   },
   {
      "name": 9,
      "height": 980
   },
   {
      "name": 10,
      "height": 996
   },
   {
      "name": 11,
      "height": 957
   },
   {
      "name": 12,
      "height": 881
   },
   {
      "name": 13,
      "height": 877
   },
   {
      "name": 14,
      "height": 907
   },
   {
      "name": 15,
      "height": 892
   },
   {
      "name": 16,
      "height": 919
   },
   {
      "name": 17,
      "height": 834
   },
   {
      "name": 18,
      "height": 854
   },
   {
      "name": 19,
      "height": 1730
   },
   {
      "name": 20,
      "height": 1974
   },
   {
      "name": 21,
      "height": 781
   },
   {
      "name": 22,
      "height": 703
   },
   {
      "name": 23,
      "height": 603
   },
   {
      "name": 24,
      "height": 597
   },
   {
      "name": 25,
      "height": 587
   },
   {
      "name": 26,
      "height": 611
   },
   {
      "name": 27,
      "height": 583
   },
   {
      "name": 28,
      "height": 1153
   },
   {
      "name": 29,
      "height": 589
   },
   {
      "name": 30,
      "height": 584
   },
   {
      "name": 31,
      "height": 680
   },
   {
      "name": 32,
      "height": 680
   },
   {
      "name": 33,
      "height": 471
   },
   {
      "name": 34,
      "height": 487
   },
   {
      "name": 35,
      "height": 468
   },
   {
      "name": 36,
      "height": 473
   },
   {
      "name": 37,
      "height": 714
   },
   {
      "name": 38,
      "height": 2103
   },
   {
      "name": 39,
      "height": 939
   },
   {
      "name": 40,
      "height": 578
   },
   {
      "name": 41,
      "height": 461
   },
   {
      "name": 42,
      "height": 656
   },
   {
      "name": 43,
      "height": 565
   },
   {
      "name": 44,
      "height": 586
   },
   {
      "name": 45,
      "height": 683
   },
   {
      "name": 46,
      "height": 719
   },
   {
      "name": 47,
      "height": 483
   },
   {
      "name": 48,
      "height": 580
   },
   {
      "name": 49,
      "height": 756
   },
   {
      "name": 50,
      "height": 618
   },
   {
      "name": 51,
      "height": 1631
   },
   {
      "name": 52,
      "height": 2738
   },
   {
      "name": 53,
      "height": 829
   },
   {
      "name": 54,
      "height": 533
   },
   {
      "name": 55,
      "height": 768
   },
   {
      "name": 56,
      "height": 529
   },
   {
      "name": 57,
      "height": 523
   },
   {
      "name": 58,
      "height": 1089
   },
   {
      "name": 59,
      "height": 710
   },
   {
      "name": 60,
      "height": 577
   },
   {
      "name": 61,
      "height": 941
   },
   {
      "name": 62,
      "height": 1031
   },
   {
      "name": 63,
      "height": 2759
   },
   {
      "name": 64,
      "height": 1117
   },
   {
      "name": 65,
      "height": 751
   },
   {
      "name": 66,
      "height": 912
   },
   {
      "name": 67,
      "height": 1063
   },
   {
      "name": 68,
      "height": 787
   },
   {
      "name": 69,
      "height": 794
   },
   {
      "name": 70,
      "height": 1100
   },
   {
      "name": 71,
      "height": 901
   },
   {
      "name": 72,
      "height": 810
   },
   {
      "name": 73,
      "height": 1100
   },
   {
      "name": 74,
      "height": 4106
   },
   {
      "name": 75,
      "height": 246148
   },
   {
      "name": 76,
      "height": 1433
   },
   {
      "name": 77,
      "height": 2969
   },
   {
      "name": 78,
      "height": 2605
   },
   {
      "name": 79,
      "height": 2330
   },
   {
      "name": 80,
      "height": 8868
   },
   {
      "name": 81,
      "height": 15559
   },
   {
      "name": 82,
      "height": 2621
   },
   {
      "name": 83,
      "height": 1388
   },
   {
      "name": 84,
      "height": 1198
   },
   {
      "name": 85,
      "height": 1092
   },
   {
      "name": 86,
      "height": 1622
   },
   {
      "name": 87,
      "height": 775
   },
   {
      "name": 88,
      "height": 859
   },
   {
      "name": 89,
      "height": 576
   },
   {
      "name": 90,
      "height": 624
   },
   {
      "name": 91,
      "height": 1024
   },
   {
      "name": 92,
      "height": 9872
   },
   {
      "name": 93,
      "height": 2283
   },
   {
      "name": 94,
      "height": 797
   },
   {
      "name": 95,
      "height": 715
   },
   {
      "name": 96,
      "height": 666
   },
   {
      "name": 97,
      "height": 742
   },
   {
      "name": 98,
      "height": 663
   },
   {
      "name": 99,
      "height": 1284
   },
   {
      "name": 100,
      "height": 691
   },
   {
      "name": 101,
      "height": 1175
   },
   {
      "name": 102,
      "height": 880
   },
   {
      "name": 103,
      "height": 685
   },
   {
      "name": 104,
      "height": 803
   },
   {
      "name": 105,
      "height": 809
   },
   {
      "name": 106,
      "height": 629
   },
   {
      "name": 107,
      "height": 913
   },
   {
      "name": 108,
      "height": 957
   },
   {
      "name": 109,
      "height": 768
   },
   {
      "name": 110,
      "height": 768
   },
   {
      "name": 111,
      "height": 1465
   },
   {
      "name": 112,
      "height": 2171
   },
   {
      "name": 113,
      "height": 106838
   },
   {
      "name": 114,
      "height": 3272
   },
   {
      "name": 115,
      "height": 2594
   },
   {
      "name": 116,
      "height": 13099
   },
   {
      "name": 117,
      "height": 796426
   },
   {
      "name": 118,
      "height": 6589
   },
   {
      "name": 119,
      "height": 4783
   },
   {
      "name": 120,
      "height": 6044
   },
   {
      "name": 121,
      "height": 137974
   },
   {
      "name": 122,
      "height": 5171
   },
   {
      "name": 123,
      "height": 1626
   },
   {
      "name": 124,
      "height": 898
   },
   {
      "name": 125,
      "height": 4595
   },
   {
      "name": 126,
      "height": 1544
   },
   {
      "name": 127,
      "height": 931
   },
   {
      "name": 128,
      "height": 643
   },
   {
      "name": 129,
      "height": 534
   },
   {
      "name": 130,
      "height": 628
   },
   {
      "name": 131,
      "height": 483
   },
   {
      "name": 132,
      "height": 363
   },
   {
      "name": 133,
      "height": 350
   },
   {
      "name": 134,
      "height": 340
   },
   {
      "name": 135,
      "height": 450
   },
   {
      "name": 136,
      "height": 472
   },
   {
      "name": 137,
      "height": 318
   },
   {
      "name": 138,
      "height": 371
   },
   {
      "name": 139,
      "height": 661
   },
   {
      "name": 140,
      "height": 490
   },
   {
      "name": 141,
      "height": 416
   },
   {
      "name": 142,
      "height": 796
   },
   {
      "name": 143,
      "height": 437
   },
   {
      "name": 144,
      "height": 686
   },
   {
      "name": 145,
      "height": 2892
   },
   {
      "name": 146,
      "height": 423
   },
   {
      "name": 147,
      "height": 403
   },
   {
      "name": 148,
      "height": 408
   },
   {
      "name": 149,
      "height": 676
   },
   {
      "name": 150,
      "height": 560
   },
   {
      "name": 151,
      "height": 428
   },
   {
      "name": 152,
      "height": 365
   },
   {
      "name": 153,
      "height": 539
   },
   {
      "name": 154,
      "height": 348
   },
   {
      "name": 155,
      "height": 321
   },
   {
      "name": 156,
      "height": 291
   },
   {
      "name": 157,
      "height": 278
   },
   {
      "name": 158,
      "height": 392
   },
   {
      "name": 159,
      "height": 519
   },
   {
      "name": 160,
      "height": 336
   },
   {
      "name": 161,
      "height": 388
   },
   {
      "name": 162,
      "height": 456
   },
   {
      "name": 163,
      "height": 563
   },
   {
      "name": 164,
      "height": 863
   },
   {
      "name": 165,
      "height": 811
   },
   {
      "name": 166,
      "height": 2343
   },
   {
      "name": 167,
      "height": 28933
   },
   {
      "name": 168,
      "height": 4751
   },
   {
      "name": 169,
      "height": 1383
   },
   {
      "name": 170,
      "height": 598
   },
   {
      "name": 171,
      "height": 370
   },
   {
      "name": 172,
      "height": 401
   },
   {
      "name": 173,
      "height": 422
   },
   {
      "name": 174,
      "height": 371
   },
   {
      "name": 175,
      "height": 399
   },
   {
      "name": 176,
      "height": 479
   },
   {
      "name": 177,
      "height": 8061
   },
   {
      "name": 178,
      "height": 32632
   },
   {
      "name": 179,
      "height": 1746
   },
   {
      "name": 180,
      "height": 857
   },
   {
      "name": 181,
      "height": 565
   },
   {
      "name": 182,
      "height": 450
   },
   {
      "name": 183,
      "height": 419
   },
   {
      "name": 184,
      "height": 354
   },
   {
      "name": 185,
      "height": 479
   },
   {
      "name": 186,
      "height": 559
   },
   {
      "name": 187,
      "height": 490
   },
   {
      "name": 188,
      "height": 578
   },
   {
      "name": 189,
      "height": 29202
   },
   {
      "name": 190,
      "height": 4218
   },
   {
      "name": 191,
      "height": 1142
   },
   {
      "name": 192,
      "height": 754
   },
   {
      "name": 193,
      "height": 671
   },
   {
      "name": 194,
      "height": 820
   },
   {
      "name": 195,
      "height": 1202
   },
   {
      "name": 196,
      "height": 3398
   },
   {
      "name": 197,
      "height": 239550
   },
   {
      "name": 198,
      "height": 11033
   },
   {
      "name": 199,
      "height": 2720
   },
   {
      "name": 200,
      "height": 1260
   },
   {
      "name": 201,
      "height": 715
   },
   {
      "name": 202,
      "height": 393
   },
   {
      "name": 203,
      "height": 289
   },
   {
      "name": 204,
      "height": 236
   },
   {
      "name": 205,
      "height": 245
   },
   {
      "name": 206,
      "height": 241
   },
   {
      "name": 207,
      "height": 356
   },
   {
      "name": 208,
      "height": 329
   },
   {
      "name": 209,
      "height": 366
   },
   {
      "name": 210,
      "height": 677
   },
   {
      "name": 211,
      "height": 157410
   },
   {
      "name": 212,
      "height": 17007
   },
   {
      "name": 213,
      "height": 3016
   },
   {
      "name": 214,
      "height": 1645
   },
   {
      "name": 215,
      "height": 932
   },
   {
      "name": 216,
      "height": 427
   },
   {
      "name": 217,
      "height": 306
   },
   {
      "name": 218,
      "height": 213
   },
   {
      "name": 219,
      "height": 199
   },
   {
      "name": 220,
      "height": 65
   },
   {
      "name": 221,
      "height": 30
   },
   {
      "name": 222,
      "height": 8
   },
   {
      "name": 223,
      "height": 3
   },
   {
      "name": 224,
      "height": 0
   },
   {
      "name": 225,
      "height": 1
   },
   {
      "name": 226,
      "height": 2
   },
   {
      "name": 227,
      "height": 0
   },
   {
      "name": 228,
      "height": 0
   },
   {
      "name": 229,
      "height": 0
   },
   {
      "name": 230,
      "height": 0
   },
   {
      "name": 231,
      "height": 0
   },
   {
      "name": 232,
      "height": 0
   },
   {
      "name": 233,
      "height": 0
   },
   {
      "name": 234,
      "height": 0
   },
   {
      "name": 235,
      "height": 0
   },
   {
      "name": 236,
      "height": 0
   },
   {
      "name": 237,
      "height": 0
   },
   {
      "name": 238,
      "height": 0
   },
   {
      "name": 239,
      "height": 0
   },
   {
      "name": 240,
      "height": 0
   },
   {
      "name": 241,
      "height": 0
   },
   {
      "name": 242,
      "height": 0
   },
   {
      "name": 243,
      "height": 0
   },
   {
      "name": 244,
      "height": 0
   },
   {
      "name": 245,
      "height": 0
   },
   {
      "name": 246,
      "height": 0
   },
   {
      "name": 247,
      "height": 0
   },
   {
      "name": 248,
      "height": 0
   },
   {
      "name": 249,
      "height": 0
   },
   {
      "name": 250,
      "height": 0
   },
   {
      "name": 251,
      "height": 0
   },
   {
      "name": 252,
      "height": 0
   },
   {
      "name": 253,
      "height": 0
   },
   {
      "name": 254,
      "height": 0
   },
   {
      "name": 255,
      "height": 0
   }
]