[
   {
      "name": 0,
      "height": 8622
   },
   {
      "name": 1,
      "height": 1379
   },
   {
      "name": 2,
      "height": 1514
   },
   {
      "name": 3,
      "height": 1247
   },
   {
      "name": 4,
      "height": 1160
   },
   {
      "name": 5,
      "height": 1168
   },
   {
      "name": 6,
      "height": 1271
   },
   {
      "name": 7,
      "height": 1568
   },
   {
      "name": 8,
      "height": 1544
   },
   {
      "name": 9,
      "height": 1950
   },
   {
      "name": 10,
      "height": 2017
   },
   {
      "name": 11,
      "height": 2323
   },
   {
      "name": 12,
      "height": 5373
   },
   {
      "name": 13,
      "height": 6200
   },
   {
      "name": 14,
      "height": 173625
   },
   {
      "name": 15,
      "height": 29892
   },
   {
      "name": 16,
      "height": 54764
   },
   {
      "name": 17,
      "height": 12413
   },
   {
      "name": 18,
      "height": 13157
   },
   {
      "name": 19,
      "height": 2314
   },
   {
      "name": 20,
      "height": 2077
   },
   {
      "name": 21,
      "height": 1528
   },
   {
      "name": 22,
      "height": 1591
   },
   {
      "name": 23,
      "height": 2020
   },
   {
      "name": 24,
      "height": 2573
   },
   {
      "name": 25,
      "height": 1880
   },
   {
      "name": 26,
      "height": 1326
   },
   {
      "name": 27,
      "height": 1311
   },
   {
      "name": 28,
      "height": 1300
   },
   {
      "name": 29,
      "height": 1183
   },
   {
      "name": 30,
      "height": 1738
   },
   {
      "name": 31,
      "height": 843
   },
   {
      "name": 32,
      "height": 904
   },
   {
      "name": 33,
      "height": 802
   },
   {
      "name": 34,
      "height": 980
   },
   {
      "name": 35,
      "height": 892
   },
   {
      "name": 36,
      "height": 1056
   },
   {
      "name": 37,
      "height": 1007
   },
   {
      "name": 38,
      "height": 814
   },
   {
      "name": 39,
      "height": 1002
   },
   {
      "name": 40,
      "height": 779
   },
   {
      "name": 41,
      "height": 728
   },
   {
      "name": 42,
      "height": 749
   },
   {
      "name": 43,
      "height": 660
   },
   {
      "name": 44,
      "height": 768
   },
   {
      "name": 45,
      "height": 647
   },
   {
      "name": 46,
      "height": 791
   },
   {
      "name": 47,
      "height": 1160
   },
   {
      "name": 48,
      "height": 876
   },
   {
      "name": 49,
      "height": 1000
   },
   {
      "name": 50,
      "height": 723
   },
   {
      "name": 51,
      "height": 671
   },
   {
      "name": 52,
      "height": 648
   },
   {
      "name": 53,
      "height": 1101
   },
   {
      "name": 54,
      "height": 754
   },
   {
      "name": 55,
      "height": 799
   },
   {
      "name": 56,
      "height": 1011
   },
   {
      "name": 57,
      "height": 745
   },
   {
      "name": 58,
      "height": 664
   },
   {
      "name": 59,
      "height": 611
   },
   {
      "name": 60,
      "height": 644
   },
   {
      "name": 61,
      "height": 778
   },
   {
      "name": 62,
      "height": 930
   },
   {
      "name": 63,
      "height": 887
   },
   {
      "name": 64,
      "height": 1005
   },
   {
      "name": 65,
      "height": 948
   },
   {
      "name": 66,
      "height": 1672
   },
   {
      "name": 67,
      "height": 2018
   },
   {
      "name": 68,
      "height": 1326
   },
   {
      "name": 69,
      "height": 898
   },
   {
      "name": 70,
      "height": 707
   },
   {
      "name": 71,
      "height": 1422
   },
   {
      "name": 72,
      "height": 651
   },
   {
      "name": 73,
      "height": 780
   },
   {
      "name": 74,
      "height": 3115
   },
   {
      "name": 75,
      "height": 1857
   },
   {
      "name": 76,
      "height": 8016
   },
   {
      "name": 77,
      "height": 819
   },
   {
      "name": 78,
      "height": 751
   },
   {
      "name": 79,
      "height": 625
   },
   {
      "name": 80,
      "height": 560
   },
   {
      "name": 81,
      "height": 555
   },
   {
      "name": 82,
      "height": 523
   },
   {
      "name": 83,
      "height": 599
   },
   {
      "name": 84,
      "height": 782
   },
   {
      "name": 85,
      "height": 634
   },
   {
      "name": 86,
      "height": 884
   },
   {
      "name": 87,
      "height": 1412
   },
   {
      "name": 88,
      "height": 126227
   },
   {
      "name": 89,
      "height": 109497
   },
   {
      "name": 90,
      "height": 14799
   },
   {
      "name": 91,
      "height": 829
   },
   {
      "name": 92,
      "height": 2246
   },
   {
      "name": 93,
      "height": 914
   },
   {
      "name": 94,
      "height": 923
   },
   {
      "name": 95,
      "height": 768
   },
   {
      "name": 96,
      "height": 538
   },
   {
      "name": 97,
      "height": 1023
   },
   {
      "name": 98,
      "height": 1000
   },
   {
      "name": 99,
      "height": 646
   },
   {
      "name": 100,
      "height": 903
   },
   {
      "name": 101,
      "height": 7786
   },
   {
      "name": 102,
      "height": 7113
   },
   {
      "name": 103,
      "height": 12881
   },
   {
      "name": 104,
      "height": 3650
   },
   {
      "name": 105,
      "height": 2065
   },
   {
      "name": 106,
      "height": 849
   },
   {
      "name": 107,
      "height": 699
   },
   {
      "name": 108,
      "height": 639
   },
   {
      "name": 109,
      "height": 1318
   },
   {
      "name": 110,
      "height": 657
   },
   {
      "name": 111,
      "height": 586
   },
   {
      "name": 112,
      "height": 618
   },
   {
      "name": 113,
      "height": 512
   },
   {
      "name": 114,
      "height": 505
   },
   {
      "name": 115,
      "height": 466
   },
   {
      "name": 116,
      "height": 491
   },
   {
      "name": 117,
      "height": 498
   },
   {
      "name": 118,
      "height": 581
   },
   {
      "name": 119,
      "height": 593
   },
   {
      "name": 120,
      "height": 651
   },
   {
      "name": 121,
      "height": 749
   },
   {
      "name": 122,
      "height": 8283
   },
   {
      "name": 123,
      "height": 3951
   },
   {
      "name": 124,
      "height": 29288
   },
   {
      "name": 125,
      "height": 1513
   },
   {
      "name": 126,
      "height": 1693
   },
   {
      "name": 127,
      "height": 2293
   },
   {
      "name": 128,
      "height": 1938
   },
   {
      "name": 129,
      "height": 1607
   },
   {
      "name": 130,
      "height": 1303
   },
   {
      "name": 131,
      "height": 903
   },
   {
      "name": 132,
      "height": 1106
   },
   {
      "name": 133,
      "height": 177879
   },
   {
      "name": 134,
      "height": 220092
   },
   {
      "name": 135,
      "height": 414033
   },
   {
      "name": 136,
      "height": 5789
   },
   {
      "name": 137,
      "height": 4536
   },
   {
      "name": 138,
      "height": 99868
   },
   {
      "name": 139,
      "height": 14603
   },
   {
      "name": 140,
      "height": 24003
   },
   {
      "name": 141,
      "height": 362
   },
   {
      "name": 142,
      "height": 447
   },
   {
      "name": 143,
      "height": 229
   },
   {
      "name": 144,
      "height": 341
   },
   {
      "name": 145,
      "height": 274
   },
   {
      "name": 146,
      "height": 458
   },
   {
      "name": 147,
      "height": 245
   },
   {
      "name": 148,
      "height": 225
   },
   {
      "name": 149,
      "height": 204
   },
   {
      "name": 150,
      "height": 269
   },
   {
      "name": 151,
      "height": 556
   },
   {
      "name": 152,
      "height": 1880
   },
   {
      "name": 153,
      "height": 2746
   },
   {
      "name": 154,
      "height": 3398
   },
   {
      "name": 155,
      "height": 1639
   },
   {
      "name": 156,
      "height": 531
   },
   {
      "name": 157,
      "height": 226
   },
   {
      "name": 158,
      "height": 192
   },
   {
      "name": 159,
      "height": 366
   },
   {
      "name": 160,
      "height": 257
   },
   {
      "name": 161,
      "height": 460
   },
   {
      "name": 162,
      "height": 241
   },
   {
      "name": 163,
      "height": 300
   },
   {
      "name": 164,
      "height": 252
   },
   {
      "name": 165,
      "height": 466
   },
   {
      "name": 166,
      "height": 312
   },
   {
      "name": 167,
      "height": 337
   },
   {
      "name": 168,
      "height": 731
   },
   {
      "name": 169,
      "height": 295
   },
   {
      "name": 170,
      "height": 278
   },
   {
      "name": 171,
      "height": 252
   },
   {
      "name": 172,
      "height": 194
   },
   {
      "name": 173,
      "height": 403
   },
   {
      "name": 174,
      "height": 358
   },
   {
      "name": 175,
      "height": 499
   },
   {
      "name": 176,
      "height": 730
   },
   {
      "name": 177,
      "height": 357
   },
   {
      "name": 178,
      "height": 624
   },
   {
      "name": 179,
      "height": 590
   },
   {
      "name": 180,
      "height": 65667
   },
   {
      "name": 181,
      "height": 23725
   },
   {
      "name": 182,
      "height": 19169
   },
   {
      "name": 183,
      "height": 300
   },
   {
      "name": 184,
      "height": 178
   },
   {
      "name": 185,
      "height": 157
   },
   {
      "name": 186,
      "height": 152
   },
   {
      "name": 187,
      "height": 153
   },
   {
      "name": 188,
      "height": 163
   },
   {
      "name": 189,
      "height": 183
   },
   {
      "name": 190,
      "height": 208
   },
   {
      "name": 191,
      "height": 173
   },
   {
      "name": 192,
      "height": 185
   },
   {
      "name": 193,
      "height": 218
   },
   {
      "name": 194,
      "height": 289
   },
   {
      "name": 195,
      "height": 374
   },
   {
      "name": 196,
      "height": 422
   },
   {
      "name": 197,
      "height": 254
   },
   {
      "name": 198,
      "height": 276
   },
   {
      "name": 199,
      "height": 361
   },
   {
      "name": 200,
      "height": 454
   },
   {
      "name": 201,
      "height": 432
   },
   {
      "name": 202,
      "height": 392
   },
   {
      "name": 203,
      "height": 317
   },
   {
      "name": 204,
      "height": 306
   },
   {
      "name": 205,
      "height": 506
   },
   {
      "name": 206,
      "height": 405
   },
   {
      "name": 207,
      "height": 415
   },
   {
      "name": 208,
      "height": 345
   },
   {
      "name": 209,
      "height": 354
   },
   {
      "name": 210,
      "height": 526
   },
   {
      "name": 211,
      "height": 604
   },
   {
      "name": 212,
      "height": 30667
   },
   {
      "name": 213,
      "height": 33653
   },
   {
      "name": 214,
      "height": 129703
   },
   {
      "name": 215,
      "height": 12324
   },
   {
      "name": 216,
      "height": 2824
   },
   {
      "name": 217,
      "height": 1313
   },
   {
      "name": 218,
      "height": 850
   },
   {
      "name": 219,
      "height": 496
   },
   {
      "name": 220,
      "height": 292
   },
   {
      "name": 221,
      "height": 186
   },
   {
      "name": 222,
      "height": 91
   },
   {
      "name": 223,
      "height": 34
   },
   {
      "name": 224,
      "height": 22
   },
   {
      "name": 225,
      "height": 10
   },
   {
      "name": 226,
      "height": 3
   },
   {
      "name": 227,
      "height": 6
   },
   {
      "name": 228,
      "height": 22
   },
   {
      "name": 229,
      "height": 2
   },
   {
      "name": 230,
      "height": 2
   },
   {
      "name": 231,
      "height": 1
   },
   {
      "name": 232,
      "height": 0
   },
   {
      "name": 233,
      "height": 0
   },
   {
      "name": 234,
      "height": 0
   },
   {
      "name": 235,
      "height": 0
   },
   {
      "name": 236,
      "height": 0
   },
   {
      "name": 237,
      "height": 0
   },
   {
      "name": 238,
      "height": 0
   },
   {
      "name": 239,
      "height": 0
   },
   {
      "name": 240,
      "height": 0
   },
   {
      "name": 241,
      "height": 0
   },
   {
      "name": 242,
      "height": 0
   },
   {
      "name": 243,
      "height": 0
   },
   {
      "name": 244,
      "height": 0
   },
   {
      "name": 245,
      "height": 0
   },
   {
      "name": 246,
      "height": 0
   },
   {
      "name": 247,
      "height": 0
   },
   {
      "name": 248,
      "height": 0
   },
   {
      "name": 249,
      "height": 0
   },
   {
      "name": 250,
      "height": 0
   },
   {
      "name": 251,
      "height": 0
   },
   {
      "name": 252,
      "height": 0
   },
   {
      "name": 253,
      "height": 0
   },
   {
      "name": 254,
      "height": 0
   },
   {
      "name": 255,
      "height": 0
   }
]